component,importance
0,0.49545938258082645
1,0.09608653360573076
2,0.4068017882436068
3,0.001652295569836112
