components,mean_kurtosis,accuracy
1,3.921769888661828,0.672784068723155
2,1.8324255683930035,0.7165169855525185
3,0.6134867236693822,0.7020695040999609
4,0.12087878003858543,0.726669269816478
