components,accuracy
1,0.6718469347910971
2,0.6994533385396329
3,0.7140570089808669
4,0.715150331901601
