component,eigenvalues,accuracy
0,1.032521741,0.688402968
1,0.259530045,0.716516986
2,0.239239978,0.738773916
3,0.154691101,0.741116751
