components,accuracy
1,0.7118313158922296
2,0.7415072237407263
3,0.7336977743069114
4,0.7336977743069114
