time,train_accuracy,test_accuracy,pca_time,pca_train_accuracy,pca_test_accuracy,ica_time,ica_train_accuracy,ica_test_accuracy,rca_time,rca_train_accuracy,rca_test_accuracy,rf_time,rf_train_accuracy,rf_test_accuracy,km_time,km_train_accuracy,km_test_accuracy,pca_km_time,pca_km_train_accuracy,pca_km_test_accuracy,ica_km_time,ica_km_train_accuracy,ica_km_test_accuracy,rca_km_time,rca_km_train_accuracy,rca_km_test_accuracy,rf_km_time,rf_km_train_accuracy,rf_km_test_accuracy,gmm_time,gmm_train_accuracy,gmm_test_accuracy,pca_gmm_time,pca_gmm_train_accuracy,pca_gmm_test_accuracy,ica_gmm_time,ica_gmm_train_accuracy,ica_gmm_test_accuracy,rca_gmm_time,rca_gmm_train_accuracy,rca_gmm_test_accuracy,rf_gmm_time,rf_gmm_train_accuracy,rf_gmm_test_accuracy,
2.8767214457075783,0.9667830669446374,0.6622798742138365,2.836933324826703,0.7939683711682497,0.6603812893081761,0.5670850302503496,0.7231598428692765,0.7260652515723269,2.9551684648670404,0.8595649949810825,0.649748427672956,3.4011960038946696,0.8964649930507298,0.6791784591194968,0.39838586762941064,0.6946004652150413,0.6966745283018867,0.39452723621950614,0.6875824743263068,0.6835298742138365,0.37041890112553305,0.6391500173731758,0.6334748427672956,0.3431974292889269,0.587240560574473,0.5715919811320755,0.6112194815424932,0.7271901301057833,0.731061320754717,0.7397639475277975,0.6766725059840939,0.6485259433962265,0.3778567917985024,0.6556158308238745,0.6778773584905661,0.5085703834105377,0.6611756331557408,0.6628694968553459,0.712091197020196,0.6283781657787043,0.615994496855346,0.8902687185590146,0.7097469789977607,0.6854323899371071
